﻿Name,Created,Prova,Tópicos
Lista 1,"May 12, 2021 2:50 PM",P1,Difusão
Lista 2,"May 12, 2021 2:50 PM",P1,Diagramas de Fase
Lista 3,"May 12, 2021 2:50 PM",P1,"Microconstituinte, Mudança de Fase"
Lista 4,"June 30, 2021 2:47 PM",P2,"Deformação, Propriedades Mecânicas, Tensão"
Lista 5,"June 30, 2021 3:47 PM",P2,"Mecanismos de Endurecimento, Transformações de Fase"
Lista 6,"June 30, 2021 4:01 PM",P2,"Materiais Cerâmicos, Vidros"
Lista 7,"June 30, 2021 4:17 PM",P2,"Plásticos, Polímeros"
Lista 8,"June 30, 2021 4:31 PM",P2,Materiais Conjugados
Lista 9,"June 30, 2021 4:42 PM",P2,